timestamp,pod_count
2026-02-16T20:53:40+05:30,4
2026-02-16T20:53:45+05:30,4
2026-02-16T20:53:51+05:30,4
2026-02-16T20:53:56+05:30,4
2026-02-16T20:54:02+05:30,4
2026-02-16T20:54:07+05:30,8
2026-02-16T20:54:12+05:30,8
2026-02-16T20:54:18+05:30,8
2026-02-16T20:54:23+05:30,14
2026-02-16T20:54:29+05:30,14
2026-02-16T20:54:34+05:30,24
2026-02-16T20:54:40+05:30,24
2026-02-16T20:54:46+05:30,24
2026-02-16T20:54:52+05:30,24
2026-02-16T20:54:58+05:30,24
2026-02-16T20:55:03+05:30,24
2026-02-16T20:55:09+05:30,24
2026-02-16T20:55:15+05:30,24
2026-02-16T20:55:21+05:30,24
2026-02-16T20:55:26+05:30,24
2026-02-16T20:55:32+05:30,24
2026-02-16T20:55:38+05:30,24
2026-02-16T20:55:43+05:30,24
2026-02-16T20:55:49+05:30,24
2026-02-16T20:55:55+05:30,24
2026-02-16T20:56:01+05:30,24
2026-02-16T20:56:07+05:30,24
2026-02-16T20:56:12+05:30,24
2026-02-16T20:56:18+05:30,24
2026-02-16T20:56:24+05:30,24
2026-02-16T20:56:30+05:30,24
2026-02-16T20:56:36+05:30,24
2026-02-16T20:56:41+05:30,24
2026-02-16T20:56:47+05:30,24
2026-02-16T20:56:53+05:30,24
2026-02-16T20:56:59+05:30,24
2026-02-16T20:57:04+05:30,24
2026-02-16T20:57:10+05:30,24
2026-02-16T20:57:16+05:30,24
2026-02-16T20:57:22+05:30,24
2026-02-16T20:57:29+05:30,24
2026-02-16T20:57:35+05:30,24
2026-02-16T20:57:40+05:30,24
2026-02-16T20:57:46+05:30,24
2026-02-16T20:57:52+05:30,24
2026-02-16T20:57:58+05:30,24
2026-02-16T20:58:04+05:30,24
2026-02-16T20:58:09+05:30,24
2026-02-16T20:58:15+05:30,24
2026-02-16T20:58:21+05:30,24
2026-02-16T20:58:27+05:30,24
2026-02-16T20:58:33+05:30,24
2026-02-16T20:58:39+05:30,24
2026-02-16T20:58:45+05:30,24
2026-02-16T20:58:50+05:30,24
2026-02-16T20:58:56+05:30,24
2026-02-16T20:59:01+05:30,24
2026-02-16T20:59:07+05:30,24
2026-02-16T20:59:13+05:30,24
2026-02-16T20:59:19+05:30,24
2026-02-16T20:59:25+05:30,24
2026-02-16T20:59:30+05:30,24
2026-02-16T20:59:36+05:30,24
2026-02-16T20:59:42+05:30,24
2026-02-16T20:59:48+05:30,24
2026-02-16T20:59:53+05:30,24
2026-02-16T20:59:59+05:30,24
2026-02-16T21:00:05+05:30,24
2026-02-16T21:00:11+05:30,24
2026-02-16T21:00:17+05:30,24
2026-02-16T21:00:23+05:30,24
2026-02-16T21:00:29+05:30,24
2026-02-16T21:00:35+05:30,24
2026-02-16T21:00:41+05:30,24
2026-02-16T21:00:47+05:30,24
2026-02-16T21:00:54+05:30,24
2026-02-16T21:01:00+05:30,24
2026-02-16T21:01:06+05:30,24
2026-02-16T21:01:12+05:30,24
2026-02-16T21:01:18+05:30,24
2026-02-16T21:01:24+05:30,24
2026-02-16T21:01:29+05:30,24
2026-02-16T21:01:35+05:30,24
2026-02-16T21:01:41+05:30,24
2026-02-16T21:01:47+05:30,24
2026-02-16T21:01:53+05:30,24
2026-02-16T21:01:59+05:30,24
2026-02-16T21:02:05+05:30,24
2026-02-16T21:02:10+05:30,24
2026-02-16T21:02:15+05:30,24
2026-02-16T21:02:21+05:30,24
2026-02-16T21:02:26+05:30,24
2026-02-16T21:02:32+05:30,24
2026-02-16T21:02:38+05:30,24
2026-02-16T21:02:44+05:30,24
2026-02-16T21:02:50+05:30,24
2026-02-16T21:02:55+05:30,24
2026-02-16T21:03:01+05:30,24
2026-02-16T21:03:07+05:30,24
2026-02-16T21:03:13+05:30,24
2026-02-16T21:03:19+05:30,24
2026-02-16T21:03:24+05:30,24
2026-02-16T21:03:30+05:30,24
2026-02-16T21:03:36+05:30,24
2026-02-16T21:03:42+05:30,24
2026-02-16T21:03:52+05:30,24
2026-02-16T21:03:58+05:30,24
2026-02-16T21:04:04+05:30,24
2026-02-16T21:04:10+05:30,24
2026-02-16T21:04:16+05:30,24
2026-02-16T21:04:22+05:30,24
2026-02-16T21:04:27+05:30,24
2026-02-16T21:04:33+05:30,24
2026-02-16T21:04:39+05:30,24
2026-02-16T21:04:45+05:30,24
2026-02-16T21:04:51+05:30,24
2026-02-16T21:04:57+05:30,24
2026-02-16T21:05:03+05:30,24
2026-02-16T21:05:09+05:30,24
2026-02-16T21:05:15+05:30,24
2026-02-16T21:05:21+05:30,24
2026-02-16T21:05:27+05:30,24
2026-02-16T21:05:33+05:30,24
2026-02-16T21:05:38+05:30,24
2026-02-16T21:05:44+05:30,24
2026-02-16T21:05:49+05:30,24
2026-02-16T21:05:54+05:30,24
2026-02-16T21:06:00+05:30,24
2026-02-16T21:06:06+05:30,24
2026-02-16T21:06:11+05:30,24
2026-02-16T21:06:17+05:30,24
2026-02-16T21:06:23+05:30,24
2026-02-16T21:06:28+05:30,24
2026-02-16T21:06:34+05:30,24
2026-02-16T21:06:40+05:30,24
2026-02-16T21:06:46+05:30,24
2026-02-16T21:06:51+05:30,24
2026-02-16T21:06:57+05:30,24
2026-02-16T21:07:03+05:30,24
2026-02-16T21:07:09+05:30,24
2026-02-16T21:07:14+05:30,24
2026-02-16T21:07:20+05:30,24
2026-02-16T21:07:26+05:30,24
2026-02-16T21:07:32+05:30,24
2026-02-16T21:07:38+05:30,24
2026-02-16T21:07:44+05:30,24
2026-02-16T21:07:49+05:30,24
2026-02-16T21:07:55+05:30,24
2026-02-16T21:08:01+05:30,24
2026-02-16T21:08:07+05:30,24
2026-02-16T21:08:13+05:30,24
2026-02-16T21:08:19+05:30,24
2026-02-16T21:08:25+05:30,24
2026-02-16T21:08:31+05:30,24
2026-02-16T21:08:37+05:30,24
2026-02-16T21:08:43+05:30,24
2026-02-16T21:08:49+05:30,24
2026-02-16T21:08:55+05:30,24
2026-02-16T21:09:00+05:30,24
2026-02-16T21:09:06+05:30,24
2026-02-16T21:09:11+05:30,24
2026-02-16T21:09:16+05:30,24
2026-02-16T21:09:22+05:30,24
2026-02-16T21:09:27+05:30,24
2026-02-16T21:09:33+05:30,24
2026-02-16T21:09:38+05:30,24
2026-02-16T21:09:44+05:30,24
2026-02-16T21:09:50+05:30,24
2026-02-16T21:09:56+05:30,24
2026-02-16T21:10:01+05:30,24
2026-02-16T21:10:07+05:30,24
2026-02-16T21:10:13+05:30,24
2026-02-16T21:10:19+05:30,24
